dataset,vega-lite,command,query,question
activity_1_Faculty,"{'$schema': 'https://vega.github.io/schema/vega-lite/v5.json', 'description': 'A heatmap of faculty members by rank and gender.', 'data': {'url': 'spider_csv/activity_1_Faculty.csv'}, 'mark': {'type': 'rect', 'tooltip': True}, 'encoding': {'x': {'field': 'Rank', 'type': 'ordinal', 'scale': {'type': 'band'}}, 'y': {'field': 'Sex', 'type': 'ordinal', 'scale': {'type': 'band'}}, 'color': {'aggregate': 'count', 'field': 'FacID', 'type': 'quantitative', 'scale': {'scheme': 'greenblue'}}}}","[""Create a heatmap with 'Position' on the x-axis and 'Gender' on the y-axis, and color the rectangles based on the 'Faculty ID' count.""]","['Heatmap of Position by Gender, colored by Faculty ID count.']",['How does the count of Faculty IDs vary across different Positions and Genders?']
allergy_1_Student,"{'$schema': 'https://vega.github.io/schema/vega-lite/v5.json', 'description': 'A heatmap of student distribution by age and major.', 'data': {'url': 'spider_csv/allergy_1_Student.csv.csv'}, 'mark': {'type': 'rect', 'tooltip': True}, 'encoding': {'x': {'field': 'Age', 'type': 'quantitative', 'bin': True}, 'y': {'field': 'Major', 'type': 'ordinal', 'bin': True}, 'color': {'aggregate': 'count', 'type': 'quantitative'}}}","[""Create a heatmap with the 'Age' field on the x-axis, binned as a quantitative variable.""]","['Heatmap of Age, binned']",['How does the Age distribution look when visualized in a binned heatmap?']
apartment_rentals_Apartments,"{'$schema': 'https://vega.github.io/schema/vega-lite/v5.json', 'description': 'A heatmap showing the count of apartments based on the number of bedrooms and bathrooms.', 'data': {'url': 'spider_csv/apartment_rentals_Apartments.csv.csv'}, 'mark': {'type': 'rect', 'tooltip': True}, 'encoding': {'x': {'field': 'bedroom_count', 'type': 'ordinal', 'axis': {'title': 'Number of Bedrooms'}}, 'y': {'field': 'bathroom_count', 'type': 'ordinal', 'axis': {'title': 'Number of Bathrooms'}}, 'color': {'aggregate': 'count', 'type': 'quantitative', 'scale': {'scheme': 'greenblue'}, 'legend': {'title': 'Count of Apartments'}}}}","[""Create a heatmap with the 'Number of Bedrooms' on the x-axis and 'Number of Bathrooms' on the y-axis, shading rectangles based on the apartment count using a greenblue color scale.""]","['Heatmap of count(apartments) by Number of Bedrooms, Number of Bathrooms with greenblue scale']",['How does the count of apartments vary by the Number of Bedrooms and Number of Bathrooms?']
apartment_rentals_Apartment_Bookings,"{'$schema': 'https://vega.github.io/schema/vega-lite/v5.json', 'description': 'A heatmap showing the distribution of apartment bookings over time.', 'data': {'url': 'spider_csv/apartment_rentals_Apartment_Bookings.csv.csv'}, 'mark': {'type': 'rect', 'tooltip': True}, 'encoding': {'x': {'field': 'booking_start_date', 'type': 'temporal', 'timeUnit': 'month', 'axis': {'title': 'Booking Start Month'}}, 'y': {'field': 'apt_id', 'type': 'ordinal', 'bin': {'maxbins': 10}, 'axis': {'title': 'Apartment ID'}}, 'color': {'aggregate': 'count', 'type': 'quantitative', 'scale': {'scheme': 'greenblue'}, 'legend': {'title': 'Number of Bookings'}}}}",["Create a heatmap with 'Booking Start Month' on the x-axis from the 'booking_start_date' data."],['heatmap of booking_start_month from booking_start_date'],['What does the heatmap of booking start months from the booking_start_date look like?']
apartment_rentals_Guests,"{'$schema': 'https://vega.github.io/schema/vega-lite/v5.json', 'description': 'A heatmap showing the number of guests by gender and month of birth.', 'data': {'url': 'spider_csv/apartment_rentals_Guests.csv.csv'}, 'mark': {'type': 'rect', 'tooltip': True}, 'encoding': {'x': {'field': 'date_of_birth', 'type': 'temporal', 'timeUnit': 'yearmonth', 'axis': {'title': 'Month of Birth'}}, 'y': {'field': 'gender_code', 'type': 'nominal', 'axis': {'title': 'Gender'}}, 'color': {'field': 'count', 'type': 'quantitative', 'aggregate': 'count', 'scale': {'scheme': 'redblue'}, 'legend': {'title': 'Number of Guests'}}}, 'config': {'view': {'stroke': 'transparent'}, 'axis': {'domainWidth': 1, 'tickSize': 5, 'titleFontSize': 12, 'labelFontSize': 12}}}",["Create a heatmap with 'Month of Birth' on the x-axis."],['heatmap of MonthOfBirth'],["What does a heatmap of 'Month of Birth' look like?"]
behavior_monitoring_Student_Addresses,"{'$schema': 'https://vega.github.io/schema/vega-lite/v5.json', 'description': 'A heatmap showing the distribution of monthly rental costs over the duration of student stays at different addresses.', 'data': {'url': 'spider_csv/behavior_monitoring_Student_Addresses.csv.csv'}, 'mark': {'type': 'rect', 'tooltip': True}, 'encoding': {'x': {'field': 'date_address_from', 'type': 'temporal', 'timeUnit': 'month'}, 'y': {'field': 'date_address_to', 'type': 'temporal', 'timeUnit': 'month'}, 'color': {'field': 'monthly_rental', 'type': 'quantitative', 'bin': True}}}","[""Create a heatmap with 'Start Date of Address' on the x-axis, 'End Date of Address' on the y-axis, and color-code 'Monthly Rental Cost' after binning the data.""]","[""Heatmap of 'Start Date of Address' by month vs 'End Date of Address' by month, color representing binned 'Monthly Rental Cost'.""]",["How does the binned 'Monthly Rental Cost' vary over the 'Start Date' and 'End Date' months?"]
book_2_book,"{'$schema': 'https://vega.github.io/schema/vega-lite/v5.json', 'description': 'A heatmap of the number of books per number of issues and writer.', 'data': {'url': 'spider_csv/book_2_book.csv.csv'}, 'mark': {'type': 'rect', 'tooltip': True}, 'encoding': {'x': {'field': 'Issues', 'type': 'quantitative', 'bin': {'maxbins': 12}}, 'y': {'field': 'Writer', 'type': 'nominal'}, 'color': {'field': 'count', 'type': 'quantitative', 'aggregate': 'count'}}}","[""Create a heatmap with the 'number of issues' on the x-axis, divided into 12 bins.""]",['heatmap of number of issues with x-axis in 12 bins'],["How can the 'number of issues' be represented in a heatmap with 12 bins on the x-axis?"]
browser_web_web_client_accelerator,"{'$schema': 'https://vega.github.io/schema/vega-lite/v5.json', 'description': 'A heatmap showing the count of web client accelerators per operating system and connection type.', 'data': {'url': 'spider_csv/browser_web_web_client_accelerator.csv.csv'}, 'mark': {'type': 'rect', 'tooltip': True}, 'encoding': {'y': {'field': 'Operating_system', 'type': 'nominal'}, 'x': {'field': 'Connection', 'type': 'nominal'}, 'color': {'aggregate': 'count', 'field': 'id', 'type': 'quantitative', 'scale': {'scheme': 'redblue'}}}}","[""Create a heatmap with 'OS' on the y-axis, 'Connection Type' on the x-axis, and color-coded for the count of 'Identifier'.""]","['Heatmap of OS by Connection Type, color scale for Identifier count.']",['How does the count of Identifiers vary across different OS and Connection Types?']
climbing_mountain,"{'$schema': 'https://vega.github.io/schema/vega-lite/v5.json', 'description': 'A heatmap showing the distribution of mountain heights and prominences.', 'data': {'url': 'spider_csv/climbing_mountain.csv.csv'}, 'mark': {'type': 'rect', 'tooltip': True}, 'encoding': {'x': {'field': 'Height', 'type': 'quantitative', 'bin': {'maxbins': 50}, 'scale': {'zero': False}}, 'y': {'field': 'Prominence', 'type': 'quantitative', 'bin': {'maxbins': 50}, 'scale': {'zero': False}}, 'color': {'aggregate': 'count', 'type': 'quantitative', 'scale': {'scheme': 'greenblue'}}}}","[""Create a heatmap with 50 bins for 'Altitude' on the x-axis and 50 bins for 'Prominence' on the y-axis, using a greenblue color scheme to represent the count of aggregate data.""]","['Heatmap of count by Altitude (50 bins) vs Prominence (50 bins), with greenblue color scale.']","[""How does the count of aggregate data vary with 'Altitude' and 'Prominence', and how can this be visualized in a heatmap with a greenblue color scheme and 50 bins for each axis?""]"
college_1_department,"{'$schema': 'https://vega.github.io/schema/vega-lite/v5.json', 'description': 'A heatmap showing the number of employees in each department by school.', 'data': {'url': 'spider_csv/college_1_department.csv.csv'}, 'mark': {'type': 'rect', 'tooltip': True}, 'encoding': {'x': {'field': 'DEPT_CODE', 'type': 'nominal'}, 'y': {'field': 'SCHOOL_CODE', 'type': 'nominal'}, 'color': {'field': 'EMP_NUM', 'type': 'quantitative', 'aggregate': 'sum'}}}","['Create a heatmap with department codes on the x-axis, school codes on the y-axis, and color representing the summed total of employees.']","['Heatmap of department codes vs school codes, color encoded by sum of employees.']",['How do department codes correlate with the total number of employees across different school codes in a heatmap?']
college_1_professor,"{'$schema': 'https://vega.github.io/schema/vega-lite/v5.json', 'description': 'Heatmap of professors by department and highest degree earned.', 'data': {'url': 'spider_csv/college_1_professor.csv.csv'}, 'mark': {'type': 'rect', 'tooltip': True}, 'encoding': {'x': {'field': 'DEPT_CODE', 'type': 'nominal', 'sort': {'field': 'DEPT_CODE'}}, 'y': {'field': 'PROF_HIGH_DEGREE', 'type': 'ordinal', 'sort': {'field': 'PROF_HIGH_DEGREE'}}, 'color': {'field': 'count_EMP_NUM', 'type': 'quantitative', 'aggregate': 'count'}}, 'transform': [{'calculate': 'datum.EMP_NUM', 'as': 'count_EMP_NUM'}]}",['Create a sorted heatmap with department codes on the x-axis.'],"['heatmap of department codes, sorted']",['How do department codes appear on a sorted heatmap?']
college_2_classroom,"{'$schema': 'https://vega.github.io/schema/vega-lite/v5.json', 'description': 'A heatmap of college classroom capacity by room number.', 'data': {'url': 'spider_csv/college_2_classroom.csv.csv'}, 'mark': {'type': 'rect', 'tooltip': True}, 'encoding': {'x': {'field': 'room_number', 'type': 'ordinal', 'bin': {'maxbins': 27}}, 'y': {'field': 'capacity', 'type': 'ordinal', 'bin': {'maxbins': 25}}, 'color': {'aggregate': 'count', 'type': 'quantitative', 'scale': {'scheme': 'greenblue'}}}}","[""Create a heatmap with 27 bins for 'classroom_number' on the x-axis, 25 bins for 'seating_capacity' on the y-axis, and color each rectangle by record count.""]","[""Heatmap of 'classroom_number' (27 bins) vs 'seating_capacity' (25 bins), colored by count of records per bin.""]",["How does the count of records vary across 'classroom_number' and 'seating_capacity' bins?"]
college_2_course,"{'$schema': 'https://vega.github.io/schema/vega-lite/v5.json', 'description': 'A heatmap of the number of courses per department and credit value.', 'data': {'url': 'spider_csv/college_2_course.csv.csv'}, 'mark': {'type': 'rect', 'tooltip': True}, 'encoding': {'x': {'field': 'dept_name', 'type': 'ordinal'}, 'y': {'field': 'credits', 'type': 'ordinal'}, 'color': {'aggregate': 'count', 'type': 'quantitative'}}}","['Create a heatmap with departments on the x-axis, credit values on the y-axis, and color rectangles by the count of courses per department and credit value combination.']","['Heatmap of department vs credit value, colored by course count']",['How does the number of courses vary across departments and credit values?']
college_3_COURSE,"{'$schema': 'https://vega.github.io/schema/vega-lite/v5.json', 'description': 'A heatmap showing the distribution of courses across different days and hours.', 'data': {'url': 'spider_csv/college_3_COURSE.csv.csv'}, 'mark': {'type': 'rect', 'tooltip': True}, 'encoding': {'x': {'field': 'Days', 'type': 'nominal', 'axis': {'title': 'Days of the Week'}}, 'y': {'field': 'Hours', 'type': 'nominal', 'axis': {'title': 'Time of Day'}}, 'color': {'aggregate': 'count', 'field': 'CID', 'type': 'quantitative', 'scale': {'scheme': 'greenblue'}, 'legend': {'title': 'Number of Courses'}}}}","[""Create a heatmap with 'Days of the Week' on the x-axis and 'Time of Day' on the y-axis, using a greenblue color scheme to represent the count of 'CID'.""]","['Heatmap of CID count for Days of the Week (MTW, Th, ThF) by Time of Day (3, 4, 12) with greenblue color scale.']",["How does the count of CID vary across different 'Days of the Week' and 'Time of Day' combinations?"]
company_office_Companies,"{'$schema': 'https://vega.github.io/schema/vega-lite/v5.json', 'description': 'A heatmap showing the total sales in billions of dollars per industry by country of headquarters.', 'data': {'url': 'spider_csv/company_office_Companies.csv.csv'}, 'mark': {'type': 'rect', 'tooltip': True}, 'encoding': {'x': {'field': 'Industry', 'type': 'nominal'}, 'y': {'field': 'Headquarters', 'type': 'nominal'}, 'color': {'field': 'Sales_billion', 'type': 'quantitative', 'aggregate': 'sum'}}}","['Create a heatmap with Sectors on the x-axis, Countries of HQ on the y-axis, and color-code the cells by the sum of Sales in billions.']","['Heatmap of Sector by Country of HQ, colored by sum of Sales_billion.']",['How do the sums of Sales in billions vary across Sectors and Countries of HQ?']
county_public_safety_county_public_safety,"{'$schema': 'https://vega.github.io/schema/vega-lite/v5.json', 'description': 'A heatmap showing the crime rate per police force in different locations.', 'data': {'url': 'spider_csv/county_public_safety_county_public_safety.csv.csv'}, 'mark': {'type': 'rect', 'tooltip': True}, 'encoding': {'x': {'field': 'Location', 'type': 'ordinal', 'sort': {'field': 'Location'}}, 'y': {'field': 'Police_force', 'type': 'ordinal', 'sort': {'field': 'Police_force'}}, 'color': {'field': 'Crime_rate', 'type': 'quantitative', 'scale': {'scheme': 'redblue'}}}}","[""Create a heatmap with 'Region' on the x-axis, 'Law Enforcement Agency' on the y-axis, and color-code by 'Crime Frequency' using a red-blue scheme.""]","['Heatmap of Region vs Law Enforcement Agency, colored by Crime Frequency with red-blue scale.']",["How does the 'Crime Frequency' vary across 'Region' and 'Law Enforcement Agency'?"]
cre_Docs_and_Epenses_Ref_document_types,"{'$schema': 'https://vega.github.io/schema/vega-lite/v5.json', 'description': 'A heatmap of document types with their corresponding codes and names, color-encoded by their descriptions.', 'data': {'url': 'spider_csv/cre_Docs_and_Epenses_Ref_document_types.csv.csv'}, 'mark': {'type': 'rect', 'tooltip': True}, 'encoding': {'x': {'field': 'Document_Type_Code', 'type': 'nominal', 'axis': {'title': 'Document Type Code'}}, 'y': {'field': 'Document_Type_Name', 'type': 'nominal', 'axis': {'title': 'Document Type Name'}}, 'color': {'field': 'Document_Type_Description', 'type': 'ordinal', 'scale': {'scheme': 'category10'}, 'legend': {'title': 'Description'}}}}",["Create a heatmap with 'Document Type Code' on the x-axis."],['heatmap of Document Type Code'],["How does the heatmap represent the 'Document Type Code'?"]
cre_Doc_Control_Systems_Documents,"{'$schema': 'https://vega.github.io/schema/vega-lite/v5.json', 'description': 'A heatmap showing the count of documents by status and month of receipt.', 'data': {'url': 'spider_csv/cre_Doc_Control_Systems_Documents.csv.csv'}, 'mark': {'type': 'rect', 'tooltip': True}, 'encoding': {'x': {'field': 'receipt_date', 'type': 'temporal', 'timeUnit': 'month'}, 'y': {'field': 'document_status_code', 'type': 'nominal'}, 'color': {'aggregate': 'count', 'type': 'quantitative'}}}","[""Create a heatmap with 'receipt_month' on the x-axis, binned by month, and 'status' on the y-axis, shading rectangles by document count.""]","['Heatmap of receipt_month by status, with shade representing count of documents']",['How does the count of documents vary by month and status?']
document_management_documents,"{'$schema': 'https://vega.github.io/schema/vega-lite/v5.json', 'description': 'A heatmap showing the total access count for each combination of document structure and type.', 'data': {'url': 'spider_csv/document_management_documents.csv.csv'}, 'mark': {'type': 'rect', 'tooltip': True}, 'encoding': {'x': {'field': 'document_structure_code', 'type': 'ordinal'}, 'y': {'field': 'document_type_code', 'type': 'nominal'}, 'color': {'field': 'access_count', 'type': 'quantitative', 'aggregate': 'sum'}}}","[""Create a heatmap with 'Structure Code' on the ordinal x-axis, 'Type' on the nominal y-axis, and color the rectangles by the sum of 'Total Access Count'.""]",['heatmap of Structure Code (ordinal) vs Type (nominal) with color sum(Total Access Count)'],["How does the sum of 'Total Access Count' vary across 'Structure Code' and 'Type' in a heatmap?"]
dorm_1_student,"{'$schema': 'https://vega.github.io/schema/vega-lite/v5.json', 'description': 'A heatmap of student distribution by age and major in Dormitory 1.', 'data': {'url': 'spider_csv/dorm_1_student.csv.csv'}, 'mark': {'type': 'rect', 'tooltip': True}, 'encoding': {'x': {'field': 'Age', 'type': 'quantitative', 'bin': True}, 'y': {'field': 'Major', 'type': 'ordinal'}, 'color': {'aggregate': 'count', 'field': 'StuID', 'type': 'quantitative', 'scale': {'scheme': 'greenblue'}}}}",["Create a heatmap with 'Age' binned on the x-axis."],"['heatmap of Age, x-axis binned']",["How does the heatmap represent 'Age' on the x-axis when binned?"]
election_representative_election,"{'$schema': 'https://vega.github.io/schema/vega-lite/v5.json', 'description': 'A heatmap chart showing the total number of votes received by representative candidates by date and rank in the election.', 'data': {'url': 'spider_csv/election_representative_election.csv.csv'}, 'mark': {'type': 'rect', 'tooltip': True}, 'encoding': {'x': {'field': 'Date', 'type': 'temporal', 'timeUnit': 'yearmonth', 'axis': {'title': 'Year-Month'}}, 'y': {'field': 'Place', 'type': 'ordinal', 'axis': {'title': 'Rank'}}, 'color': {'field': 'Votes', 'type': 'quantitative', 'aggregate': 'sum', 'scale': {'scheme': 'redblue'}}}}","[""Create a heatmap with 'Year-Month' on the x-axis, 'Rank' on the y-axis, and color-coded by the sum of 'Votes' using a red-to-blue color scheme.""]","['Heatmap of sum(Votes) by Year-Month vs Rank [3, 1, 2], with color scale from red to blue.']","['How does the sum of Votes vary by Year-Month and Rank, displayed in a red-to-blue heatmap?']"
election_representative_representative,"{'$schema': 'https://vega.github.io/schema/vega-lite/v5.json', 'description': 'A heatmap showing the number of elected representatives per state and political party.', 'data': {'url': 'spider_csv/election_representative_representative.csv.csv'}, 'mark': {'type': 'rect', 'tooltip': True}, 'encoding': {'x': {'field': 'State', 'type': 'nominal'}, 'y': {'field': 'Party', 'type': 'nominal'}, 'color': {'field': 'Representative_ID', 'type': 'quantitative', 'aggregate': 'count'}}}","[""Create a heatmap with 'Region' on the x-axis, 'Political Party' on the y-axis, and color encode using the count of 'Rep_ID'.""]",['Heatmap of count(Rep_ID) by Region vs Political Party.'],['How does the count of Representative_ID vary across Regions and Political Parties?']
employee_hire_evaluation_employee,"{'$schema': 'https://vega.github.io/schema/vega-lite/v5.json', 'description': ""A heatmap showing the distribution of employees' age across different cities."", 'data': {'url': 'spider_csv/employee_hire_evaluation_employee.csv.csv'}, 'mark': {'type': 'rect', 'tooltip': True}, 'encoding': {'x': {'field': 'Age', 'type': 'quantitative', 'bin': {'maxbins': 10}}, 'y': {'field': 'City', 'type': 'nominal'}, 'color': {'aggregate': 'count', 'type': 'quantitative'}}}","[""Create a heatmap with the 'Age' field on the x-axis, binned into 10 bins.""]","['Heatmap of Age, binned into 10 bins on x-axis.']",['How does the distribution of Age look when binned into 10 bins on a heatmap?']
e_learning_Student_Tests_Taken,"{'$schema': 'https://vega.github.io/schema/vega-lite/v5.json', 'description': 'A heatmap showing the number of tests taken per day, binned by test result.', 'data': {'url': 'spider_csv/e_learning_Student_Tests_Taken.csv.csv'}, 'mark': {'type': 'rect', 'tooltip': True}, 'encoding': {'x': {'field': 'date_test_taken', 'type': 'temporal', 'timeUnit': 'day', 'axis': {'title': 'Date Test Taken'}}, 'y': {'field': 'test_result', 'type': 'nominal', 'axis': {'title': 'Test Result'}}, 'color': {'field': 'count', 'type': 'quantitative', 'aggregate': 'count', 'scale': {'scheme': 'redblue'}, 'legend': {'title': 'Number of Tests'}}}, 'config': {'view': {'stroke': 'transparent'}, 'axis': {'domainWidth': 1, 'tickSize': 5, 'titleFontSize': 14, 'labelFontSize': 12}}}","[""Create a heatmap with day intervals on the x-axis for 'Date Test Taken' and 'Test Result' on the y-axis, color-coding rectangles by the count of tests taken.""]","[""Heatmap of count(tests taken) by day intervals of 'Date Test Taken', grouped by 'Test Result'.""]",['How do the test results vary over daily intervals?']
film_rank_film,"{'$schema': 'https://vega.github.io/schema/vega-lite/v5.json', 'description': 'A heatmap showing the total gross earnings of films by directors across different studios.', 'data': {'url': 'spider_csv/film_rank_film.csv.csv'}, 'mark': {'type': 'rect', 'tooltip': True}, 'encoding': {'x': {'field': 'Director', 'type': 'ordinal'}, 'y': {'field': 'Studio', 'type': 'ordinal'}, 'color': {'field': 'Gross_in_dollar', 'type': 'quantitative', 'aggregate': 'sum'}}}","['Create a heatmap with filmmakers on the x-axis, production companies on the y-axis, and color the rectangles by the summed total earnings.']",['Heatmap of sum(Total Earnings in Dollars) by Filmmaker and Production Company.'],['How do the total earnings vary across different filmmaker and production company combinations?']
flight_company_flight,"{'$schema': 'https://vega.github.io/schema/vega-lite/v5.json', 'description': 'A heatmap of flight altitudes over time.', 'data': {'url': 'spider_csv/flight_company_flight.csv.csv'}, 'mark': {'type': 'rect', 'tooltip': True}, 'encoding': {'x': {'field': 'Date', 'type': 'temporal', 'timeUnit': 'month'}, 'y': {'field': 'Altitude', 'bin': True, 'type': 'quantitative'}, 'color': {'aggregate': 'count', 'type': 'quantitative'}}}","[""Create a heatmap with the 'Time' field on the x-axis, binned into months.""]","['heatmap of Time, binned by month']",['How does the data vary when binned by month in a heatmap?']
game_1_Plays_games,"{'$schema': 'https://vega.github.io/schema/vega-lite/v5.json', 'description': 'A heatmap showing the number of hours each student has played each game.', 'data': {'url': 'spider_csv/game_1_Plays_games.csv.csv'}, 'mark': {'type': 'rect', 'tooltip': True}, 'encoding': {'x': {'field': 'GameID', 'type': 'ordinal'}, 'y': {'field': 'StuID', 'type': 'ordinal'}, 'color': {'field': 'Hours_Played', 'type': 'quantitative'}}}","[""Create a heatmap with 'Game Number' on the x-axis, 'Student ID' on the y-axis, and color-coded 'Hours Spent Playing'.""]","[""Heatmap of 'Game Number' by 'Student ID', colored by 'Hours Spent Playing'.""]",["How do 'Hours Spent Playing' vary across 'Game Number' for different 'Student ID's?"]
gas_company_company,"{'$schema': 'https://vega.github.io/schema/vega-lite/v5.json', 'description': 'A heatmap showing the sales of gas companies by industry and rank.', 'data': {'url': 'spider_csv/gas_company_company.csv.csv'}, 'mark': {'type': 'rect', 'tooltip': True}, 'encoding': {'x': {'field': 'Rank', 'type': 'ordinal', 'scale': {'paddingInner': 0.5}, 'axis': {'title': 'Rank'}}, 'y': {'field': 'Main_Industry', 'type': 'nominal', 'axis': {'title': 'Main Industry'}}, 'color': {'field': 'Sales_billion', 'type': 'quantitative', 'scale': {'scheme': 'redblue'}, 'legend': {'title': 'Sales (billions)'}}}, 'config': {'axis': {'labelFontSize': 12, 'titleFontSize': 14}}}","[""Create a heatmap with 'Rank' on the x-axis, 'Main Industry' on the y-axis, and color the rectangles based on 'Sales_billion' from red to blue.""]","['Heatmap of Rank by Main Industry, colored by Sales_billion from red to blue.']","[""How do the 'Sales_billion' vary across 'Main Industry' at different 'Rank' levels, displayed in a heatmap?""]"
hr_1_employees,"{'$schema': 'https://vega.github.io/schema/vega-lite/v5.json', 'description': 'A heatmap showing the number of employees hired per job role per month.', 'data': {'url': 'spider_csv/hr_1_employees.csv.csv'}, 'mark': {'type': 'rect', 'tooltip': True}, 'encoding': {'x': {'field': 'HIRE_DATE', 'type': 'temporal', 'timeUnit': 'month'}, 'y': {'field': 'JOB_ID', 'type': 'nominal'}, 'color': {'aggregate': 'count', 'type': 'quantitative'}}}",["Create a heatmap with the 'Date Hired' field aggregated by month on the x-axis."],"[""Heatmap of 'Date Hired', aggregated by month on x-axis.""]",["How does the 'Date Hired' data aggregate by month in a heatmap?"]
inn_1_Rooms,"{'$schema': 'https://vega.github.io/schema/vega-lite/v5.json', 'description': 'A heatmap showing the number of rooms available based on the number of beds and maximum occupancy.', 'data': {'url': 'spider_csv/inn_1_Rooms.csv.csv'}, 'mark': {'type': 'rect', 'tooltip': True}, 'encoding': {'x': {'field': 'beds', 'type': 'ordinal'}, 'y': {'field': 'maxOccupancy', 'type': 'ordinal'}, 'color': {'aggregate': 'count', 'type': 'quantitative'}}}","[""Create a heatmap with 'Number of Beds' on the x-axis and 'Maximum Occupancy' on the y-axis, and color the rectangles by record count.""]","['Heatmap of Number of Beds [1, 2] by Maximum Occupancy [2, 4], colored by count of records.']",["How does the count of rooms vary with 'Number of Beds' and 'Maximum Occupancy'?"]
insurance_policies_Payments,"{'$schema': 'https://vega.github.io/schema/vega-lite/v5.json', 'description': 'A heatmap of insurance policy payments by month and payment method.', 'data': {'url': 'spider_csv/insurance_policies_Payments.csv.csv'}, 'mark': {'type': 'rect', 'tooltip': True}, 'encoding': {'x': {'field': 'Date_Payment_Made', 'type': 'temporal', 'timeUnit': 'month', 'axis': {'title': 'Month of Payment'}}, 'y': {'field': 'Payment_Method_Code', 'type': 'nominal', 'axis': {'title': 'Payment Method'}}, 'color': {'field': 'Amount_Payment', 'type': 'quantitative', 'aggregate': 'sum', 'scale': {'scheme': 'redyellowblue'}, 'legend': {'title': 'Total Payment Amount'}}}, 'config': {'view': {'stroke': 'transparent'}, 'axis': {'domainWidth': 1, 'tickSize': 5, 'titleFontSize': 12, 'labelFontSize': 12}}}","[""Create a heatmap with 'Month of Payment' on the x-axis, 'Payment Method' on the y-axis, and color encode by 'Total Payment Amount'.""]","['Heatmap of Payment_Method_Code by Month_of_Payment, colored with Amount_Payment.']",['How do the total payment amounts vary by month and payment method?']
local_govt_and_lot_Residents,"{'$schema': 'https://vega.github.io/schema/vega-lite/v5.json', 'description': 'A heatmap showing the number of residents moving in and out by month and year.', 'data': {'url': 'spider_csv/local_govt_and_lot_Residents.csv.csv'}, 'mark': {'type': 'rect', 'tooltip': True}, 'encoding': {'x': {'field': 'date_moved_in', 'type': 'temporal', 'timeUnit': 'yearmonth'}, 'y': {'field': 'date_moved_out', 'type': 'temporal', 'timeUnit': 'yearmonth'}, 'color': {'aggregate': 'count', 'field': 'resident_id', 'type': 'quantitative'}}}","[""Create a heatmap with 'Movement In Date' on the x-axis and 'Movement Out Date' on the y-axis, using the count of 'Resident ID' to color the rectangles.""]",['Heatmap of count(Resident ID) by yearmonth(Movement In Date) vs yearmonth(Movement Out Date)'],['How does the count of Resident IDs vary over the yearmonths of Movement In and Movement Out?']
manufacturer_furniture,"{'$schema': 'https://vega.github.io/schema/vega-lite/v5.json', 'description': 'A heatmap showing the count of furniture items based on the number of components and market rate.', 'data': {'url': 'spider_csv/manufacturer_furniture.csv.csv'}, 'mark': {'type': 'rect', 'tooltip': True}, 'encoding': {'x': {'field': 'Num_of_Component', 'type': 'quantitative', 'bin': True}, 'y': {'field': 'Market_Rate', 'type': 'quantitative', 'bin': True}, 'color': {'aggregate': 'count', 'type': 'quantitative'}}}",["Create a heatmap with the 'Number of Parts' binned on the x-axis and the 'Price Rating' binned on the y-axis."],"[""heatmap of 'Number of Parts' vs 'Price Rating', both binned""]",["How do the binned 'Number of Parts' and 'Price Rating' fields correlate in a heatmap?"]
mountain_photos_camera_lens,"{'$schema': 'https://vega.github.io/schema/vega-lite/v5.json', 'description': 'A heatmap of camera lenses used for mountain photography, binned by focal length and maximum aperture.', 'data': {'url': 'spider_csv/mountain_photos_camera_lens.csv.csv'}, 'mark': {'type': 'rect', 'tooltip': True}, 'encoding': {'x': {'field': 'focal_length_mm', 'type': 'quantitative', 'bin': True}, 'y': {'field': 'max_aperture', 'type': 'quantitative', 'bin': True}, 'color': {'aggregate': 'count', 'type': 'quantitative', 'scale': {'scheme': 'greenblue'}}}}","['Create a heatmap with focal length on the x-axis, binned quantitatively, and maximum aperture on the y-axis, binned quantitatively, then color the rectangles based on the count of occurrences using a greenblue color scale.']",['Heatmap of count(focal length) by count(maximum aperture) with greenblue color scale.'],['How does the count of occurrences vary across different focal lengths and maximum apertures?']
mountain_photos_photos,"{'$schema': 'https://vega.github.io/schema/vega-lite/v5.json', 'description': 'A heatmap showing the number of mountain photos taken with different camera lenses for each mountain.', 'data': {'url': 'spider_csv/mountain_photos_photos.csv.csv'}, 'mark': {'type': 'rect', 'tooltip': True}, 'encoding': {'x': {'field': 'camera_lens_id', 'type': 'ordinal'}, 'y': {'field': 'mountain_id', 'type': 'ordinal'}, 'color': {'aggregate': 'count', 'field': 'id', 'type': 'quantitative', 'scale': {'scheme': 'redblue'}}}}","[""Create a heatmap with 'Lens ID' on the x-axis, 'Mountain ID' on the y-axis, and color-code the cells by the count of 'Photo Count' from red to blue.""]","['Heatmap of Lens ID vs Mountain ID, color by count of Photo Count, range from red to blue.']","['How does the count of Photo Count vary across different Lens ID and Mountain ID combinations, as represented in a heatmap with a red to blue color scale?']"
music_4_music_festival,"{'$schema': 'https://vega.github.io/schema/vega-lite/v5.json', 'description': 'A heatmap showing the total volume of awards per category across different music festivals.', 'data': {'url': 'spider_csv/music_4_music_festival.csv.csv'}, 'mark': {'type': 'rect', 'tooltip': True}, 'encoding': {'x': {'field': 'Category', 'type': 'nominal', 'axis': {'title': 'Award Category'}}, 'y': {'field': 'Music_Festival', 'type': 'nominal', 'axis': {'title': 'Music Festival'}}, 'color': {'field': 'Volume', 'type': 'quantitative', 'aggregate': 'sum', 'scale': {'scheme': 'redyellowblue'}, 'legend': {'title': 'Total Volume of Awards'}}}}","[""Create a heatmap with 'Category' on the x-axis and 'Music Festival' on the y-axis, using color to show the sum of 'Volume'.""]","['Heatmap of Category by Music Festival, color encoding sum of Volume.']",['How does the sum of Volume vary across Categories at different Music Festivals?']
party_host_HOST,"{'$schema': 'https://vega.github.io/schema/vega-lite/v5.json', 'description': 'A heatmap showing the count of party hosts by age and nationality.', 'data': {'url': 'spider_csv/party_host_HOST.csv.csv'}, 'mark': {'type': 'rect', 'tooltip': True}, 'encoding': {'x': {'field': 'Age', 'type': 'quantitative', 'bin': True}, 'y': {'field': 'Nationality', 'type': 'nominal'}, 'color': {'aggregate': 'count', 'type': 'quantitative'}}}","[""Create a heatmap with binned 'Age' on the x-axis and 'Nationality' (limited to 'United States', 'Hungary', and 'Argentina') on the y-axis, and color-code the rectangles by the count of party hosts.""]","[""Heatmap of count party hosts by binned 'Age' and 'Nationality' (United States, Hungary, Argentina)""]","[""How does the count of party hosts vary across binned 'Age' categories for nationalities 'United States', 'Hungary', and 'Argentina'?""]"
party_host_party,"{'$schema': 'https://vega.github.io/schema/vega-lite/v5.json', 'description': 'A heatmap showing the number of hosts across the first and last years of party events.', 'data': {'url': 'spider_csv/party_host_party.csv.csv'}, 'mark': {'type': 'rect', 'tooltip': True}, 'encoding': {'x': {'field': 'First_year', 'type': 'temporal', 'timeUnit': 'year'}, 'y': {'field': 'Last_year', 'type': 'temporal', 'timeUnit': 'year'}, 'color': {'field': 'Number_of_hosts', 'type': 'quantitative', 'aggregate': 'sum'}}}","[""Create a heatmap with the 'Year of the First Event' on the x-axis, the 'Year of the Last Event' on the y-axis, and color-code the rectangles by the sum of 'Total Number of Hosts'.""]","[""Heatmap of 'Year of First Event' vs 'Year of Last Event', colored by sum('Total Number of Hosts').""]",["How does the sum of 'Total Number of Hosts' vary between the 'Year of the First Event' and the 'Year of the Last Event'?"]
poker_player_poker_player,"{'$schema': 'https://vega.github.io/schema/vega-lite/v5.json', 'description': ""A heatmap of poker players' earnings based on the number of final tables made and their best finish position."", 'data': {'url': 'spider_csv/poker_player_poker_player.csv.csv'}, 'mark': {'type': 'rect', 'tooltip': True}, 'encoding': {'x': {'field': 'Final_Table_Made', 'type': 'quantitative', 'bin': True}, 'y': {'field': 'Best_Finish', 'type': 'ordinal', 'bin': {'maxbins': 3}}, 'color': {'field': 'Earnings', 'type': 'quantitative', 'aggregate': 'sum'}}}","[""Create a heatmap with the binned 'Number_of_Final_Tables' on the x-axis, the categorized 'Best_Placement' on the y-axis, and color-code the cells with the summed 'Total_Earnings'.""]","['Heatmap of sum(Total_Earnings) by bin(Number_of_Final_Tables), Best_Placement']",["How do the summed total earnings vary across different binned 'Number_of_Final_Tables' and 'Best_Placement' categories?"]
protein_institute_building,"{'$schema': 'https://vega.github.io/schema/vega-lite/v5.json', 'description': 'A heatmap of the number of floors vs height of the Protein Institute buildings.', 'data': {'url': 'spider_csv/protein_institute_building.csv.csv'}, 'mark': {'type': 'rect', 'tooltip': True}, 'encoding': {'x': {'field': 'Height_feet', 'type': 'quantitative', 'bin': True}, 'y': {'field': 'Floors', 'type': 'ordinal'}, 'color': {'aggregate': 'count', 'type': 'quantitative'}}}","[""Create a heatmap with 'Height (in feet)' binned on the x-axis and 'Number of Floors' with values [12, 10, 17] on the y-axis, shading rectangles by count of combinations.""]","[""Heatmap of count('Number of Floors', 'Height (in feet)' binned) with y-axis 'Number of Floors' [12, 10, 17]""]","[""How does the count vary across 'Height (in feet)' and 'Number of Floors' with values [12, 10, 17]?""]"
restaurant_1_Student,"{'$schema': 'https://vega.github.io/schema/vega-lite/v5.json', 'description': 'A heatmap of student distribution by age and major.', 'data': {'url': 'spider_csv/restaurant_1_Student.csv.csv'}, 'mark': {'type': 'rect', 'tooltip': True}, 'encoding': {'x': {'field': 'Age', 'type': 'quantitative', 'bin': True}, 'y': {'field': 'Major', 'type': 'ordinal'}, 'color': {'aggregate': 'count', 'type': 'quantitative'}}}","[""Create a heatmap with binned 'Age' on the x-axis and 'Field of Study' (Major synonyms 600, 520, 540) on the y-axis, using color to show student counts per bin and field.""]","['Heatmap of count(students) by Age(binned) vs Field of Study(Major synonyms 600, 520, 540).']","[""How do student counts vary across binned 'Age' and 'Field of Study' categories (Major synonyms 600, 520, 540)?""]"
riding_club_player,"{'$schema': 'https://vega.github.io/schema/vega-lite/v5.json', 'description': 'A heatmap showing the number of votes received by players at each rank.', 'data': {'url': 'spider_csv/riding_club_player.csv.csv'}, 'mark': {'type': 'rect', 'tooltip': True}, 'encoding': {'y': {'field': 'Rank', 'type': 'ordinal'}, 'x': {'field': 'Votes', 'type': 'quantitative', 'bin': True}, 'color': {'field': 'Votes', 'type': 'quantitative', 'aggregate': 'sum'}}}","[""Create a heatmap with 'Position' on the y-axis, 'Vote Count' on the x-axis binned, and color encoded by the sum of 'Vote Count'.""]","['Heatmap of Position by Vote Count, binned, with color encoding of sum(Vote Count).']",['How does the sum of Vote Count vary across different Positions in a heatmap?']
school_bus_driver,"{'$schema': 'https://vega.github.io/schema/vega-lite/v5.json', 'description': 'A heatmap of school bus driver ages by home city.', 'data': {'url': 'spider_csv/school_bus_driver.csv.csv'}, 'mark': {'type': 'rect', 'tooltip': True}, 'encoding': {'x': {'field': 'Home_city', 'type': 'ordinal'}, 'y': {'bin': {'maxbins': 10}, 'field': 'Age', 'type': 'quantitative'}, 'color': {'aggregate': 'count', 'field': 'Age', 'type': 'quantitative', 'scale': {'scheme': 'greenblue'}}}}","[""Create a heatmap with 'Location' on the x-axis, binned 'Age' on the y-axis, and color the rectangles based on 'Age' count using a greenblue color scheme.""]","['Heatmap of Location vs binned Age, colored by Age count with greenblue scheme.']","['How does the count of Age vary across different Locations when binned into 10 categories, as shown in a greenblue heatmap?']"
school_finance_endowment,"{'$schema': 'https://vega.github.io/schema/vega-lite/v5.json', 'description': 'A heatmap showing the total amount donated by each donor to different schools.', 'data': {'url': 'spider_csv/school_finance_endowment.csv.csv'}, 'mark': {'type': 'rect', 'tooltip': True}, 'encoding': {'x': {'field': 'School_id', 'type': 'ordinal'}, 'y': {'field': 'donator_name', 'type': 'ordinal'}, 'color': {'field': 'amount', 'type': 'quantitative', 'aggregate': 'sum'}}}","[""Create a heatmap with schools' 'Identifier' on the x-axis, 'Donor Name' on the y-axis, and color-coded total 'Donation Amount' by sum.""]","['Heatmap of Identifier by Donor Name, color sum of Donation Amount.']",["How do the total donation amounts vary across different schools' identifiers and donor names?"]
ship_1_captain,"{'$schema': 'https://vega.github.io/schema/vega-lite/v5.json', 'description': ""A heatmap chart showing the distribution of ship captains' age by rank."", 'data': {'url': 'spider_csv/ship_1_captain.csv.csv'}, 'mark': {'type': 'rect', 'tooltip': True}, 'encoding': {'x': {'field': 'Rank', 'type': 'ordinal'}, 'y': {'bin': {'maxbins': 10}, 'field': 'age', 'type': 'quantitative'}, 'color': {'aggregate': 'count', 'type': 'quantitative'}}}","[""Create a heatmap with the 'Position' field on the x-axis as an ordinal data type and the 'Age' field binned on the y-axis into a maximum of 10 bins, using the count of data points to color the rectangles.""]","['Heatmap of Position vs Age, with Position as ordinal and Age binned to 10, colored by count of data points.']",["How does the count of data points vary across different 'Position' and binned 'Age' groups?"]
ship_mission_ship,"{'$schema': 'https://vega.github.io/schema/vega-lite/v5.json', 'description': 'A heatmap showing the aggregated tonnage of ships by type and nationality.', 'data': {'url': 'spider_csv/ship_mission_ship.csv.csv'}, 'mark': {'type': 'rect', 'tooltip': True}, 'encoding': {'x': {'field': 'Type', 'type': 'ordinal'}, 'y': {'field': 'Nationality', 'type': 'ordinal'}, 'color': {'field': 'Tonnage', 'type': 'quantitative', 'aggregate': 'sum'}}}","['Create a heatmap with ship types on the x-axis, countries of origin on the y-axis, and color-code by the summed total tonnage of each ship type and nationality.']","['Heatmap of Ship Type vs Country of Origin, color-coded by sum of Total Tonnage']",['How does the total tonnage vary across ship types and countries of origin?']
station_weather_station,"{'$schema': 'https://vega.github.io/schema/vega-lite/v5.json', 'description': 'A heatmap showing the count of station networks per service and local authority combination.', 'data': {'url': 'spider_csv/station_weather_station.csv.csv'}, 'mark': {'type': 'rect', 'tooltip': True}, 'encoding': {'x': {'field': 'services', 'type': 'nominal', 'sort': {'field': 'id'}}, 'y': {'field': 'local_authority', 'type': 'nominal', 'sort': {'field': 'id'}}, 'color': {'aggregate': 'count', 'type': 'quantitative'}}}","[""Create a heatmap with 'Transport Lines' on the x-axis and 'Council Areas' on the y-axis, and color the rectangles by count.""]","['Heatmap of Transport Lines vs Council Areas, ordered by nominal sort, colored by count.']",["How do the counts of 'Transport Lines' vary across 'Council Areas'?"]
station_weather_weekly_weather,"{'$schema': 'https://vega.github.io/schema/vega-lite/v5.json', 'description': 'A heatmap showing the maximum recorded temperature for each day of the week across different weather stations.', 'data': {'url': 'spider_csv/station_weather_weekly_weather.csv.csv'}, 'mark': {'type': 'rect', 'tooltip': True}, 'encoding': {'x': {'field': 'day_of_week', 'type': 'nominal', 'axis': {'title': 'Day of the Week'}}, 'y': {'field': 'station_id', 'type': 'nominal', 'axis': {'title': 'Weather Station ID'}}, 'color': {'field': 'high_temperature', 'type': 'quantitative', 'scale': {'scheme': 'redyellowblue'}, 'legend': {'title': 'High Temperature (Fahrenheit)'}}}}","['Create a heatmap with days of the week on the x-axis and weather station IDs on the y-axis, using color to represent high temperatures.']",['Heatmap of high temperatures by day of the week vs weather station ID.'],['How do high temperatures vary by day of the week and weather station ID?']
store_product_store,"{'$schema': 'https://vega.github.io/schema/vega-lite/v5.json', 'description': 'A heatmap showing the distribution of store area sizes against the number of product categories available.', 'data': {'url': 'spider_csv/store_product_store.csv.csv'}, 'mark': {'type': 'rect', 'tooltip': True}, 'encoding': {'x': {'field': 'Area_size', 'type': 'quantitative', 'bin': True}, 'y': {'field': 'Number_of_product_category', 'type': 'quantitative', 'bin': True}, 'color': {'aggregate': 'count', 'type': 'quantitative'}}}",["Create a heatmap with the 'Store Area Size' binned on the x-axis."],["Heatmap of binned 'Store Area Size' on x-axis."],["How does the 'Store Area Size' vary when binned and represented in a heatmap on the x-axis?"]
student_1_list,"{'$schema': 'https://vega.github.io/schema/vega-lite/v5.json', 'description': 'A heatmap of student distribution across grades and classrooms.', 'data': {'url': 'spider_csv/student_1_list.csv.csv'}, 'mark': {'type': 'rect', 'tooltip': True}, 'encoding': {'x': {'field': 'Grade', 'type': 'ordinal'}, 'y': {'field': 'Classroom', 'type': 'ordinal'}, 'color': {'aggregate': 'count', 'field': '*', 'type': 'quantitative'}}}","[""Create a heatmap with 'Grades' on the x-axis and 'Rooms' on the y-axis, colorcoding rectangles by record count.""]","['Heatmap of Grades vs Rooms, colored by count']",['How do the counts of records vary across Grades and Rooms?']
swimming_stadium,"{'$schema': 'https://vega.github.io/schema/vega-lite/v5.json', 'description': 'A heatmap of swimming stadiums by the year they were opened and their capacity.', 'data': {'url': 'spider_csv/swimming_stadium.csv.csv'}, 'mark': {'type': 'rect', 'tooltip': True}, 'encoding': {'x': {'field': 'Opening_year', 'type': 'ordinal', 'timeUnit': 'year'}, 'y': {'field': 'Capacity', 'type': 'ordinal', 'bin': True}, 'color': {'aggregate': 'count', 'type': 'quantitative'}}}","[""Create a heatmap with 'Year Opened' on the x-axis, 'Seating Capacity' on the y-axis, and color encode by record count.""]",['heatmap of count by Year_Opened and Capacity'],["How does the count of records vary by 'Year Opened' and 'Seating Capacity'?"]
voter_2_STUDENT,"{'$schema': 'https://vega.github.io/schema/vega-lite/v5.json', 'description': 'A heatmap of student voters by age and major.', 'data': {'url': 'spider_csv/voter_2_STUDENT.csv.csv'}, 'mark': {'type': 'rect', 'tooltip': True}, 'encoding': {'x': {'field': 'Age', 'type': 'quantitative', 'bin': True}, 'y': {'field': 'Major', 'type': 'ordinal'}, 'color': {'aggregate': 'count', 'type': 'quantitative'}}}","[""Create a heatmap with binned 'Age' on the x-axis and categorized 'Major' on the y-axis, coloring the rectangles by record count.""]",['Heatmap of count by Age bins and Major categories.'],['How does the count vary across different Age bins and Major categories?']
workshop_paper_workshop,"{'$schema': 'https://vega.github.io/schema/vega-lite/v5.json', 'description': 'A heatmap showing the number of workshops per month and venue.', 'data': {'url': 'spider_csv/workshop_paper_workshop.csv.csv'}, 'mark': {'type': 'rect', 'tooltip': True}, 'encoding': {'x': {'field': 'Date', 'type': 'temporal', 'timeUnit': 'month', 'axis': {'title': 'Month'}}, 'y': {'field': 'Venue', 'type': 'ordinal', 'axis': {'title': 'Venue'}}, 'color': {'aggregate': 'count', 'type': 'quantitative', 'scale': {'scheme': 'greenblue'}}}}",["Create a heatmap with 'Month' on the x-axis and 'Location' on the y-axis."],['Heatmap of Month by Location'],['How does the data vary across months for different locations?']
